theta,phi,fraction
45.000000,180.000000,0.000700
